Company;SECTOR;MARKETCAP;EBITDA;EBIT;VE/EBITDA_T12M;MarkCap/BookValue;NetIncome;EV/SALES;FCF;INVENTORIES;TOTASSETS;PAYABLES_ACCRUALS;LS_DEBT;CAPITALSTOCK;InterestExpense;ROE;ROA;ROIC;CAPITALEXPEND;PROFMARGIN;LIABILITIES;REVENUE
TripAdvisor;Communication Services;12291.9164;325;232;36.2921;8.7053;198;7.9658;309;0;2128;142;201;12;10;15.609;9.7154;14.934;-109;13.2708;716;1492
Amazon.com Inc.;Consumer Discretionary;316831.5437;8514;2233;36.9465;23.6724;596;2.9538;6652;10243;64747;27405;17539;0;459;4.9409;0.9996;7.7295;-5387;0.557;51363;107006
Home Depot;Consumer Discretionary;167677.2921;13637;11774;14.945;17.9873;7009;1.9945;7870;11809;42549;10057;21315;-6772;919;89.6406;16.9925;42.3403;-1503;7.9181;36233;88519
Comcast Corp.;Consumer Discretionary;138022.7123;24678;15998;7.751;2.6406;8163;2.5645;10986;0;166574;13249;52621;-7139;2702;15.5515;5.0093;11.5656;-8499;10.9556;111375;74510
McDonald's Corp.;Consumer Discretionary;108479.6683;8701.2;7145.5;14.3562;15.3049;4529.3;4.8623;4725.2;100.1;37938.7;2622.9;24122.1;-5730.9;638.3;45.4263;12.5524;24.0911;-1813.9;17.8228;30850.8;25413
Nike;Consumer Discretionary;106524.2214;5151;4502;21.3052;8.3831;3760;2.7632;2256;4838;21379;5152;2038;-2731;31;30.1222;17.4981;29.8146;-1143;11.6135;9121;32376
Booking Holdings Inc;Consumer Discretionary;63471.9574;3531.401;3258.907;16.7216;7.2164;2551.36;6.378;3029.608;0;17420.575;1004.429;6158.443;-3067.988;160.229;29.3893;15.8511;23.0453;-173.915;27.6601;8625.106;9223.987
Ford Motor;Consumer Discretionary;55917.9988;14947;6981;3.0306;1.9523;7373;0.303;9030;8319;224925;2410;132854;-129;773;27.7807;3.3863;4.913;-7196;4.9299;196174;149558
General Motors;Consumer Discretionary;52925.5757;13025;5538;3.2094;1.3274;9687;0.2939;4956;13764;194338;51655;63111;-3520;423;25.7195;5.2103;9.5235;-6813;7.1372;154015;135725
Carnival Corp.;Consumer Discretionary;42946.1222;4200;2574;11.9853;1.8067;1757;2.9529;2251;330;39237;2072;8787;-269;217;7.3246;4.4659;7.8178;-2294;11.1811;15466;15714
Dish Network;Consumer Discretionary;26487.7887;2391.729;1428.372;16.0998;9.6362;802.374;2.5326;1724.125;390.328;22886.71;2759.281;13755.925;33.868;494.081;33.7005;3.5715;8.575;-734.998;5.2699;19854.68;15225.493
O'Reilly Automotive;Consumer Discretionary;24997.3332;1724.277;1514.021;15.236;12.7452;931.216;3.2689;931.468;2631.015;6676.684;2740.979;1390.018;-1071.6;57.129;46.7979;14.1;43.5054;-414.02;11.6889;4715.37;7966.674
Aptiv Plc;Consumer Discretionary;24011.9584;2263;1723;12.3588;10.672;1450;1.8336;999;1181;11973;3632;4008;-1159;127;60.9244;12.7787;27.2778;-704;9.5615;9240;15165
CBS Corp.;Consumer Discretionary;22411.9493;2893;2658;10.5575;4.0288;1413;2.3638;1223;1270;23765;1026;8448;-2583;392;22.5485;5.9245;17.6576;-171;11.1514;18202;12671
Royal Caribbean Cruises Ltd;Consumer Discretionary;22265.7336;1701.91;874.902;18.1039;2.7615;665.783;3.6882;333.026;121.332;20921.855;347.132;8667.055;-188.748;277.725;8.1454;3.1982;5.2298;-1613.34;8.0224;12858.816;8299.074
Ross Stores;Consumer Discretionary;21793.321;1899.199;1624.371;12.4874;9.5618;1020.661;1.865;959.292;1419.104;4869.119;1602.847;396.025;-706.437;13.29;42.9643;21.3254;60.4357;-366.96;8.5483;2397.128;11939.999
Hilton Worldwide Holdings Inc;Consumer Discretionary;21131.4694;1592;900;19.4356;3.5307;1404;2.3628;1136;442;25622;1442;10453;0;377;26.1526;5.4264;4.2317;-310;19.6832;19671;7133
Dollar General;Consumer Discretionary;20909.4632;2292.725;1940.294;10.9189;3.6619;1165.08;1.1946;886.88;3074.153;11257.885;1994.217;2970.554;-1299.613;86.944;21.0153;10.3717;22.9949;-504.806;5.72;5880.009;20368.562
Expedia Inc.;Consumer Discretionary;18678.2348;906.704;413.566;23.0307;3.8398;764.465;3.1295;581.004;0;15503.812;2867.614;3201.277;65.567;126.195;22.9961;6.2343;5.8829;-787.041;11.4573;9915.567;6672.317
Omnicom Group;Consumer Discretionary;18329.0287;2211.2;1920.1;9.4713;7.4739;1093.9;1.371;1996.8;1122.7;22110.7;10131.1;4628.8;-707.4;181.1;40.7928;5.0249;21.9684;-202.7;7.2279;19053.4;15134.4
Discovery Inc. Class A;Consumer Discretionary;16945.5651;2315;1985;10.5977;3.1098;1034;2.9309;1174;0;15864;369;7735;-951;330;12.4174;6.4962;14.1347;-103;16.1714;10172;6394
Discovery Inc. Class C;Consumer Discretionary;16945.5651;2315;1985;10.5977;3.1098;1034;2.9309;1174;0;15864;369;7735;-951;330;12.4174;6.4962;14.1347;-103;16.1714;10172;6394
Mohawk Industries;Consumer Discretionary;14000.9901;1200.213;837.566;14.2807;2.8843;615.302;2.1235;425.495;1607.256;9934.4;1256.025;3213.919;4.843;71.086;13.272;6.7542;11.2405;-503.657;7.6231;5073.537;8071.563
Genuine Parts;Consumer Discretionary;12949.0538;1266.089;1124.414;10.5641;4.1153;705.672;0.8715;1049.829;2999.966;8144.771;3062.386;625;-285.251;21.662;21.8887;8.6105;29.04;-109.544;4.6183;4985.529;15280.044
MGM Resorts International;Consumer Discretionary;12801.9337;663.651;-156.232;39.8992;2.5004;-447.72;2.8847;-461.74;104.2;25215.178;1909.509;12696.753;6.25;797.579;-9.7216;-1.7247;-0.6527;-1466.819;-4.8718;17444.501;9190.068
D. R. Horton;Consumer Discretionary;11837.3567;1388.3;1327.3;12.0253;2.0083;886.3;1.0494;531.9;8340.9;11558.9;1440.4;2798.3;82.4;0;13.972;7.8054;14.8202;-86.1;7.2902;4765.9;12157.4
Advance Auto Parts;Consumer Discretionary;11022.8399;1095.256;825.78;11.0832;4.4796;473.398;1.2479;467.897;4174.768;8127.701;3757.085;1206.895;-1.491;65.408;21.1376;5.8844;20.9608;-234.747;4.8618;5667.053;9737.018
Carmax Inc;Consumer Discretionary;10936.2024;1196.221;1058.861;17.9973;3.4643;623.428;1.2715;-432.341;1932.029;14459.911;681.66;10636.167;-936.903;36.358;20.5698;4.5081;8.2049;-315.584;4.1151;11555.125;15149.675
Best Buy Co. Inc.;Consumer Discretionary;10435.8157;2032;1375;3.8774;2.0893;897;0.1896;694;5051;13519;5764;1734;-1008;80;19.1401;6.237;21.7822;-649;2.2693;9141;39528
Lennar Corp.;Consumer Discretionary;10014.7145;1129.682;1086.016;12.7771;1.7728;802.894;1.6078;-511.001;8740.596;14419.509;475.909;5025.13;-13.67;12.454;15.1616;5.8728;10.7334;-91.355;8.4747;8469.437;9474.008
Gap Inc.;Consumer Discretionary;9926.9826;2116;1524;3.6891;3.3279;920;0.6441;868;1873;7473;2112;1731;-922;59;33.2851;12.1348;35.9816;-726;5.8239;4928;15797
BorgWarner;Consumer Discretionary;9689.7965;1259.9;939.7;9.3309;2.7267;609.7;1.4393;290.6;723.6;8841.5;1907.1;2566.1;-346.1;60.4;17.0072;7.5883;16.6482;-577.3;7.5992;5210;8023.2
Interpublic Group;Consumer Discretionary;9459.782;1031.8;874.8;9.6757;4.8129;454.6;1.3016;527.9;0;12585.1;7437.6;1745.1;-261.5;85.8;22.2745;3.5891;21.1973;-161.1;5.9707;10331.4;7613.8
Polo Ralph Lauren Corp.;Consumer Discretionary;9441.7454;891.3;581.9;6.6399;2.4266;396.4;1.0386;588.8;1125;6213;1056;713;-457;21;10.3838;6.4356;12.0826;-417.7;5.353;2469;7405.2
Mattel Inc.;Consumer Discretionary;9220.2516;806.349;540.922;12.9337;3.5015;369.416;1.8414;480.376;587.521;6535.143;1325.114;2101.635;14.995;85.27;13.3491;5.5731;11.8079;-254.181;6.478;3901.889;5702.613
Nordstrom;Consumer Discretionary;9158.4634;1677;1101;6.2602;3.7535;600;0.7431;1388;1945;7698;1740;2805;-1102;125;36.2428;7.0826;23.619;-1082;4.156;6827;14437
LKQ Corporation;Consumer Discretionary;9051.6006;832.819;704.627;12.6665;2.9061;423.223;1.467;373.792;1556.552;5647.837;625.234;1584.702;0.587;57.86;14.5055;7.6095;14.7618;-170.49;5.8841;2533.155;7192.633
Foot Locker Inc;Consumer Discretionary;8934.3663;985;837;8.582;3.5795;541;1.1283;563;1285;3775;699;130;-359;11;21.43;14.7171;33.6145;-228;7.299;1222;7412
Goodyear Tire & Rubber;Consumer Discretionary;8785.229;2249;1551;5.8867;2.2411;307;0.8014;704;2464;16391;3435;5708;-127;438;8.1541;1.7831;18.6284;-983;1.8671;12249;16443
Harley-Davidson;Consumer Discretionary;8708.531;1353.769;1155.695;10.8771;4.7338;752.207;2.4021;840.144;585.907;9972.977;707.238;6872.198;-1513.373;12.117;31.6789;7.7145;13.521;-259.974;12.5464;8133.323;5995.402
Hasbro Inc.;Consumer Discretionary;8394.6424;847.26;691.933;10.8228;5.0452;451.838;2.0717;429.344;384.492;4720.717;899.04;1711.678;-43.902;97.122;28.8754;9.7665;20.4492;-142.022;10.1593;3016.645;4447.509
Darden Restaurants;Consumer Discretionary;8154.7626;912.4;622.2;13.4167;3.4946;375;1.2705;549.7;175.4;4582.6;426.1;568;-68;173.6;17.5009;7.0907;19.068;-228.3;5.4085;2630.6;6933.5
Garmin Ltd.;Consumer Discretionary;7075.012;627.941;549.581;7.4583;2.115;456.227;1.6397;199.875;500.554;4499.391;701.016;0;-121.975;0;13.5209;9.9259;15.8983;-80.592;16.1767;1154.265;2820.27
Pulte Homes Inc.;Consumer Discretionary;6221.6239;879.608;833.386;8.8788;1.3072;494.09;1.3056;-383.03;5450.058;9189.406;1894.168;2342.382;-432.203;0.788;10.265;5.5644;11.93;-45.44;8.2597;4430.081;5981.964
PVH Corp.;Consumer Discretionary;6035.3301;1017.9;760.5;11.7513;1.3829;572.4;1.0744;641.3;1322.3;10673.8;1310;3194.2;-131;117;12.839;5.325;8.7409;-263.8;7.1369;6121.5;8020.3
Leggett & Platt;Consumer Discretionary;5718.7414;599.7;486.5;10.7096;5.2678;325.1;1.6343;255.9;504.6;2963.7;593.9;944.9;-167.5;41.1;29.1295;10.6515;22.9926;-103.2;8.2993;1866;3917.2
Target Corp.;Consumer Discretionary;44731.5093;7743;5530;8.2903;3.1958;3363;0.7092;4520;8601;40262;11646;12760;-3183;607;24.9536;8.2594;21.0912;-1438;4.5578;27305;73785
V.F. Corp.;Consumer Discretionary;26537.7404;506.6;426.8;14.3235;4.9282;1231.593;3.5082;275.9;442.4;3814.8;542.8;665.9;-411.7;11.6;23.1337;10.8014;18.2082;-80.4;15.395;4254.704;10996.393
Under Armour Class A;Consumer Discretionary;17396.919;509.487;408.547;35.1984;10.4284;232.573;4.5301;-286.94;783.031;2865.97;393.395;666.07;10.31;14.792;15.4097;9.376;20.0732;-301.481;5.8681;1197.748;3963.313
Whirlpool Corp.;Consumer Discretionary;11484.4167;1910;1242;8.1892;2.4213;783;0.7473;536;2619;19010;6236;3998;-212;165;16.2651;4.0141;12.3971;-689;3.748;13336;20891
Tapestry. Inc.;Consumer Discretionary;9083.1643;864.1;653.5;10.4319;3.648;460.5;2.4267;362.2;459.2;4892.7;800.6;876.2;20.1;32.9;17.8047;9.6343;19.515;-396.4;10.252;2209.8;4491.8
Procter & Gamble;Consumer Staples;216040.6824;16519;13441;16.6495;3.5019;10508;3.7643;12121;4716;127136;16774;30598;-1332;579;17.5228;8.1892;13.9581;-3314;16.0921;69153;65299
Coca-Cola Company (The);Consumer Staples;186832.4107;10698;8728;19.7475;7.3113;7351;4.7452;7975;2902;89996;9543;44116;-2319;856;26.3128;8.0772;11.3907;-2553;16.5959;64232;44294
Altria Group Inc;Consumer Staples;114131.1504;8586;8361;14.5166;39.6289;5241;6.6088;5614;2031;31459;7066;12847;-554;821;177.5025;15.8977;39.3126;-229;27.7978;28549;18854
CVS Health;Consumer Staples;108262.3966;11567;9475;11.5177;2.9106;5237;0.8651;6172;14001;92437;21972;27464;-4639;859;13.8649;6.286;15.2589;-2367;3.4164;55195;153290
Kraft Heinz Co;Consumer Staples;88291.0359;3379;2639;34.6952;1.5306;634;6.3951;624;2618;122973;5608;25230;10000;1321;-0.821;0.7948;3.6046;-648;3.4573;56737;18338
Mondelez International;Consumer Staples;71258.2698;9791;8897;8.6686;2.5438;7267;2.8501;2214;2609;62843;7368;15398;-3622;1415;26.0643;11.2133;18.4675;-1514;24.5209;34743;29636
Costco Wholesale Corp.;Consumer Staples;71024.0312;4927;3672;14.9392;6.6897;2350;0.61;643;8969;33163;11110;5171;-412;133;20.7085;7.1018;21.2925;-2649;1.9795;20831;118719
Kroger Co.;Consumer Staples;40772.6538;5665;3576;10.252;7.5337;2039;0.449;1568;6168;33897;7154;12079;-486;482;33.0445;6.3329;18.1592;-3349;1.8565;27099;109830
General Mills;Consumer Staples;34212.2851;3315.5;2707.4;16.3061;6.847;1697.4;2.751;2034.9;1413.7;21712.3;2070.3;8430.9;-434.8;311.9;31.5136;7.7962;16.883;-729.3;10.2481;15559.6;16563.1
Estee Lauder Cos.;Consumer Staples;32515.0129;2025;1610;16.1977;8.9248;1115;3.0499;1264;1264;9223;2323;2242;-782;71;30.907;12.7704;27.3982;-525;9.9006;5636;11262
Monster Beverage;Consumer Staples;30416.636;924.513;893.653;29.7417;6.3244;546.733;10.0288;487.118;156.121;5571.277;377.418;0;888.694;0.03;17.2892;14.5598;28.2083;-35.605;20.0815;761.867;2722.564
Constellation Brands;Consumer Staples;28031.2127;1986.1;1765.1;20.7544;4.8575;1054.9;5.5494;522.4;1851.6;16965;928;8081.2;282.6;314.7;17.1107;6.5812;11.8269;-891.3;16.1093;10273.2;6548.4
Kellogg Co.;Consumer Staples;25612.3221;1625;1091;20.3793;12.0359;614;2.4252;1138;1250;15251;2721;7745;-470;227;24.9746;4.0389;10.5217;-553;4.5397;13113;13525
Sysco Corp.;Consumer Staples;23145.1206;2513.21;1850.5;14.2384;4.4;949.622;0.6349;1405.796;2639.174;16721.804;4335.984;7435.402;-1632.46;306.146;21.7309;5.4716;15.7021;-527.346;1.8854;13166.81;50366.919
Archer-Daniels-Midland Co;Consumer Staples;21888.4232;2663;1781;9.7613;1.2229;1849;0.383;580;8243;40157;6982;5877;-2040;308;9.8682;4.3943;6.8453;-1125;2.7311;22242;67702
Brown-Forman Corp.;Consumer Staples;20905.2002;1589;1533;20.1468;10.9739;1067;6.5667;414;1054;4183;512;1501;-1092;46;61.5518;25.4928;48.0338;-110;34.5419;2621;3089
Hormel Foods Corp.;Consumer Staples;20895.2079;1200.754;1067.32;17.4775;5.2262;686.088;1.9586;847.929;993.265;6139.831;1028.72;435;8.49;13.111;18.0457;11.8337;25.3914;-144.063;7.4061;2138.438;9263.863
The Hershey Company;Consumer Staples;19353.1366;1282.687;1037.759;16.7434;19.392;512.951;2.9073;899.501;750.97;5344.371;1354.476;2420.527;-526.92;109.309;41.8213;9.3542;28.3953;-356.81;6.9443;4296.909;7386.626
Conagra Brands;Consumer Staples;18251.5359;778.5;404.6;15.2425;4.0326;-677;2.841;777.6;1582.1;13390.6;1864.7;5528;268.8;304.8;-16.4328;-4.3921;3.7043;-429.8;-7.8139;9595.8;8664.1
Molson Coors Brewing Company;Consumer Staples;17326.7858;836.2;521.8;23.7424;2.4601;359.5;5.8156;440.9;179.3;12276.3;952.6;2937.4;-115.5;120.3;4.8235;2.7384;4.6237;-275;10.0771;5213.2;3567.5
The Clorox Company;Consumer Staples;16372.6216;1229;1064;15.4474;138.751;648;3.4391;606;443;4510;1030;2312;-44;88;312.2892;14.9412;42.9205;-172;11.248;4213;5761
Campbell Soup;Consumer Staples;16292.1294;1268;960;14.8247;11.7973;563;2.8168;1150;940;7837;1320;3533;-141;115;38.7474;7.0755;16.7891;-341;7.072;6304;7961
JM Smucker;Consumer Staples;14760.7036;1575.4;1145.3;20.0212;2.0828;688.7;2.5718;1259.6;899.4;15984.1;789.2;5430;-441.1;173;9.772;4.2006;7.5533;-201.4;8.8168;8975.6;7811.2
Church & Dwight;Consumer Staples;11129.7126;775.2;674.2;15.286;5.501;410.4;3.4613;544.3;274;4256.9;452;1050;-318.8;30.5;19.8977;9.5264;21.496;-61.8;12.0891;2233.7;3394.8
McCormick & Co.;Consumer Staples;10965.2156;654.3;548.4;18.7433;6.5652;401.6;2.8481;461.6;710.8;4472.6;894.3;1394.4;-107.4;53.3;23.1978;9.038;17.7258;-128.4;9.3476;2785.7;4296.3
Coty. Inc;Consumer Staples;8895.2441;486.2;254.2;18.0349;9.1722;156.9;2.8896;351.3;565.8;7035.6;1651.2;4098.2;-750.2;112.9;23.594;2.4038;5.6375;-150.1;3.6076;6595.2;4349.1
Walmart;Consumer Staples;196276.0599;33559;24105;6.5317;2.4114;14694;0.5197;16075;44469;199581;58615;46390;-4112;2548;18.1475;7.291;17.9417;-11477;3.0477;115970;482130
Walgreens Boots Alliance;Consumer Staples;92449.0476;7682;5964;17.1076;2.9957;4173;0.8268;6522;8956;72688;16690;19028;-917;628;13.7403;5.8995;12.4624;-1325;3.556;42407;117351
TJX Companies Inc.;Consumer Staples;47476.3095;4321.396;3704.7;11.0558;11.1336;2277.658;1.5033;2067.535;3695.113;11490.431;4384.823;1700.217;-1631.584;60.269;53.1461;20.1395;57.5225;-889.38;7.3604;7183.356;30944.938
Tyson Foods;Consumer Staples;21111.2869;2880;2169;9.4195;2.1784;1220;0.5413;1716;2878;22969;1662;6690;-411;293;13.1317;5.1998;12.9342;-854;2.9488;13263;41373
Exxon Mobil Corp.;Energy;324501.0542;30931;12883;11.816;1.8998;16150;1.5411;3854;16245;336758;35214;38687;-4032;311;9.3566;4.7067;4.9942;-26490;6.8198;159948;236810
Chevron Corp.;Energy;169308.0254;17327;-3710;11.4097;1.1086;4587;1.6135;-10048;6334;264540;19371;38549;211;0;2.981;1.7291;-1.7878;-29504;3.7425;110654;122566
Schlumberger Ltd.;Energy;87961.9872;7069;2991;13.3256;2.4686;2072;2.6453;6162;3756;68005;9502;18999;-1734;346;5.6394;3.0717;5.451;-2410;5.8407;32100;35475
ConocoPhillips;Energy;57645.4335;1939;-7174;41.5046;1.4498;-4428;2.7243;-2478;1124;97484;7037;24880;-82;920;-9.6604;-4.1379;-8.6476;-10050;-14.9777;57402;29564
Occidental Petroleum;Energy;51636.1843;-5111;-9655;9.9843;2.1206;-7829;4.5462;-2030;986;43409;4656;8305;-556;141;-26.4007;-15.7102;-25.7425;-5381;-62.7324;19059;12480
Phillips 66;Energy;43635.4172;5790;4712;8.685;1.889;4227;0.5864;-51;3477;48580;6987;8887;-1097;310;18.917;8.6911;12.2939;-5764;4.9616;24642;85195
EOG Resources;Energy;38913.7737;-3372.435;-6686.079;4.615;3.0065;-4524.515;4.7551;-1417.998;598.935;26970.47;1657.117;6655.49;-0.043;240.862;-29.5183;-14.6583;-24.3268;-5013.163;-47.9576;14027.435;9434.416
Kinder Morgan;Energy;33294.1986;4756;2447;15.749;0.948;253;5.1981;-672;407;84104;2317;41553;5399;2055;0.6185;0.3027;3.3273;-5975;1.7566;48701;14403
Halliburton Co.;Energy;29131.8866;1670;-165;20.6191;1.8841;-671;1.4573;722;2993;36942;2881;15346;167;463;-4.2296;-1.9398;-0.5983;-2184;-2.8393;21447;23633
Marathon Petroleum;Energy;27629.3753;6106;4604;7.3478;2.0873;2852;0.6955;2075;5225;43115;4927;11925;-932;325;23.7786;7.7563;16.42;-1998;4.4314;23440;64359
Anadarko Petroleum Corp;Energy;24685.5753;-3871;-8474;3.5065;1.9257;-6692;4.6563;-7944;216;46331;3782;15668;327;825;-41.1443;-12.3903;-20.2921;-6067;-74.0839;30874;9033
Pioneer Natural Resources;Energy;18729.0029;1126;-259;18.6501;2.2382;-273;5.5941;-1138;155;15154;865;3655;-25;187;-3.2214;-1.8162;-1.9177;-2393;-7.2722;6779;3754
Noble Energy Inc;Energy;14095.1565;578;-1553;36.7771;1.3592;-2441;5.2117;-917;0;24196;1297;8190;1112;263;-23.5902;-10.4508;-8.7564;-2979;-59.5076;13826;4102
Hess Corporation;Energy;13869.9922;164;-3791;114.3963;0.7155;-3056;2.8268;-2340;399;34157;2542;6592;-130;341;-14.6955;-8.4229;-14.0851;-4321;-46.0518;13756;6636
Devon Energy Corp.;Energy;13152;-15053;-19075;3.4084;1.8658;-12896;2.133;-996;0;29451;906;13032;679;527;-90.2547;-32.2046;-61.1496;-5894;-98.1057;18462;13145
National Oilwell Varco Inc.;Energy;12583.7878;357;-390;40.5876;0.7681;-769;0.9819;879;4678;25970;2910;3909;-2214;103;-4.1483;-2.5835;-1.6022;-453;-5.2111;9510;14757
Concho Resources;Energy;11992.3456;1483.631;260.378;10.175;1.7274;65.9;6.1956;-980.982;0;12641.876;310.648;3332.188;1532.79;215.384;1.0886;0.5403;2.3302;-2511.403;2.7047;5699.325;2436.489
Marathon Oil Corp.;Energy;8526.7051;423;-2298;34.4745;0.4596;-2204;3.1099;-1909;313;32311;1578;7277;-11;350;-11.1389;-6.4544;-8.0928;-3485;-47.0137;13758;4688
Cimarex Energy;Energy;8451.7398;-2961.88;-3740.803;5.8899;3.021;-2408.948;6.3205;-358.136;54.579;5243.286;314.323;1485.62;773.539;55.157;-66.0139;-34.5325;-63.533;-1049.636;-165.8348;2445.608;1452.619
Cabot Oil & Gas;Energy;7321.4428;526.882;-95.329;17.7214;3.644;-113.891;6.2466;-206.004;17.049;5253.038;215.552;2016.139;0;96.911;-5.4862;-2.1306;-2.0749;-955.602;-7.6194;3243.85;1494.753
HollyFrontier Corp;Energy;7296.0956;1590.504;1244.353;5.4586;1.3888;740.101;0.6478;303.471;841.869;8388.299;823.639;1040.04;-742.823;43.47;13.692;8.4015;17.7292;-676.155;5.5908;2578.526;13237.92
TechnipFMC;Energy;6613.7116;509.4;170.7;13.4916;2.6202;14.4;0.5961;374.8;764.1;6419.4;762.3;1156;0;148.9;0.5783;0.2118;4.4579;-325.5;0.1255;3876.2;11471.9
Helmerich & Payne;Energy;5772.005;572.621;-25.966;4.3442;1.179;-56.828;4.2146;497.362;124.325;6832.019;330.061;491.847;2.774;22.913;-1.2411;-0.813;-0.3961;-257.169;-3.4988;2271.094;1624.232
ONEOK;Energy;5160.7853;1350.779;996.159;12.9364;15.3687;244.977;2.2524;-165.484;204.78;15446.111;745.025;8980.572;396.329;416.787;52.8017;1.5955;7.9792;-1188.312;3.1556;11679.775;7763.206
Diamondback Energy Inc;Energy;4462.4309;-377.703;-595.4;13.4347;2.3787;-550.628;8.738;-485.586;1.728;2750.719;124.238;487.807;655.561;41.51;-30.3629;-18.8371;-21.6628;-902.087;-93.0741;641.746;591.602
Valero Energy;Energy;34047.1088;8200;6358;4.6457;1.6587;3990;0.4583;3993;5898;44227;5268;7335;-2615;433;19.3671;8.8887;18.0374;-1618;4.8763;22873;81824
Williams Cos.;Energy;19268.953;1964;226;27.3589;3.1342;-571;7.298;-459;127;49020;1028;24487;27;1044;-7.6516;-1.148;0.4951;-3167;-7.7582;32795;7360
CME Group Inc.;Financials;30644.2164;2217.3;1988.7;14.0299;1.4911;1247;9.3155;1418.3;0;67359.4;28.7;2229.3;71.1;117.4;6.0132;1.7865;6.5941;-114.2;37.4835;46807.6;3326.8
Intercontinental Exchange;Financials;30429.307;2124;1750;17.4898;2.0549;1274;11.1332;1034;0;77987;613;7308;-660;97;9.3787;1.7423;7.9814;-277;38.1666;63112;3338
Marsh & McLennan;Financials;28925.3923;2842;2419;11.2788;4.4412;1599;2.4873;1563;0;18216;3696;4414;-1225;163;23.5719;8.8811;21.9769;-325;12.4021;11614;12893
S&P Global. Inc.;Financials;26646.1728;2074;1917;14.339;137.3514;1156;5.5177;56;0;8183;645;3611;-819;112;339.0029;15.4587;53.9848;-139;21.758;7020;5313
Synchrony Financial;Financials;25356.6446;1366.5;1118.7;7.7088;2.0118;2214;3.9509;906.4;424;3855.4;152.7;0;-527.1;0;29.7048;26.2766;33.7247;-189.3;30.2584;71386;13620
Aon plc;Financials;25257.8718;1925;1587;15.7272;4.2082;1385;3.1535;1809;0;26883;1866;5700;-1580;273;22.0313;4.8892;13.132;-200;14.6097;20824;9480
Unum Group;Financials;10996.576;3100;2039;4.1865;2.0447;1072;0.7042;1207;5506;20576;4062;7637;-1838;363;22.2684;5.1162;16.247;-777;3.9588;16323;27079
Nasdaq. Inc.;Financials;9553.6387;858;720;13.3049;1.7033;428;5.4645;594;0;11861;329;2364;-348;111;7.5075;3.5768;8.9032;-133;20.4785;6252;2090
Block H&R;Financials;7859.4934;806.79;633.192;6.2011;4.2879;374.267;1.6308;444.63;0;2847.225;795.126;1492.201;-1992.563;68.962;40.3294;10.1666;25.759;-99.923;12.3189;2824.122;3038.153
MSCI Inc;Financials;7406.003;481.697;403.898;17.0391;8.2153;223.648;7.5234;265.342;0;3146.987;180.562;1579.404;-681.831;62.387;19.1617;7.4184;16.3531;-40.652;20.8042;2245.5;1075.013
Arthur J. Gallagher & Co.;Financials;7233.8936;730.7;396.5;10.5488;1.9883;356.8;1.431;587.1;0;10910.5;3689.8;2316.7;203.3;103;10.3907;3.411;6.8961;-99;6.6167;7222.3;5392.4
Jefferies Financial Group;Financials;6301.0586;468.569;204.288;26.0296;0.6058;283.65;0.552;612.485;0;7360.022;1460.805;387.751;-109.033;15.26;4.9191;2.7791;6.9366;-67.688;1.9196;35548.661;10728.687
Cboe Global Markets;Financials;5354.6268;366.2;319.9;14.3429;20.6229;205;9.3026;206;0;384.788;61.737;0;-134.1;0;80.0844;53.3376;123.7311;-39.3;36.4964;125.143;561.7
Johnson & Johnson;Health Care;284220.447;21811;18065;12.1822;3.9947;15409;3.7745;16106;8053;133411;20743;19861;-4285;552;21.8719;11.6837;20.6955;-3463;21.9896;62261;70074
Pfizer Inc.;Health Care;199264.503;16981;11824;12.6717;3.0801;6960;4.4061;13291;7513;167381;8249;38899;-4897;1199;10.235;4.1559;9.0814;-1397;14.2474;102383;48851
Merck & Co.;Health Care;147554.9525;13303;6928;12.0748;3.3028;4442;4.0502;11255;4700;101677;16579;26412;-3701;672;9.5196;4.4455;8.9927;-1283;11.2461;56910;39498
Gilead Sciences;Health Care;145833.022;23291;22193;6.108;7.8684;18108;4.2992;19582;1955;51716;8435;22057;-9098;688;106.6431;41.9264;62.7799;-747;55.4796;32603;32639
Allergan. Plc;Health Care;123163.9194;2864.3;-3131;59.242;1.7228;3915.2;13.383;4075.1;757.5;135583.3;4202;42530.4;9188.9;1193.3;7.3795;4.1576;-3.6022;-454.9;30.8573;58994;12688.1
Bristol-Myers Squibb;Health Care;114761.4199;2449;1890;46.01;8.0444;1565;6.774;1285;1221;31748;6865;6689;0;184;10.7494;4.7788;8.8899;-820;9.4505;17324;16560
Medtronic plc;Health Care;108161.5012;8181;5361;24.619;2.032;3538;4.481;4172;3473;99644;6059;31102;-2339;1386;6.7203;3.4295;5.931;-1046;12.2707;47581;28833
AbbVie Inc.;Health Care;96842.4092;8373;7537;14.3445;24.5481;5144;5.1898;7003;1719;53050;8442;31671;-7431;719;179.9894;12.7701;26.8163;-532;22.5032;49105;22859
Celgene Corp.;Health Care;94089.9878;2657;2255;38.3096;15.8963;1602;11.0093;2499;443.4;27053.4;1600.8;14250.4;-3005;311;25.7478;7.2173;13.0832;-286;17.3077;21134.4;9256
Lilly (Eli) & Co.;Health Care;93366.5291;4117.1;2689.4;23.539;6.4076;2408.4;4.8438;1898.4;3445.8;35568.9;3203.1;7978.5;-749.5;161.2;16.0858;6.7015;11.7424;-1066.2;12.0669;20978.6;19958.7
Biogen Inc.;Health Care;68286.3667;5491.4;4891;12.497;7.2856;3547;6.2531;3276.4;893.4;19504.8;2560.7;6526.3;-5000;95.5;35.1505;20.9761;36.3257;-643;32.953;10129.9;10763.8
Abbott Laboratories;Health Care;66993.1384;4339;2867;16.1229;3.1584;4423;3.3865;1856;2599;41247;5581;9001;-1923;163;20.6987;10.7284;9.378;-1110;21.6761;19921;20405
Danaher Corp.;Health Care;63649.3023;3043;2162.2;24.9105;2.6867;3357.4;5.2615;3288.9;1573.1;48222.2;4001.3;12870.4;249;139.8;14.2567;7.8799;6.7816;-512.9;23.2608;24458.2;14433.7
Regeneron;Health Care;56493.7822;1326.825;1251.916;41.5875;15.4573;636.056;13.5234;652.847;238.578;5609.132;644.112;362.919;611.675;14.241;20.5011;13.4661;41.8284;-677.933;15.4995;1954.295;4103.728
McKesson Corp.;Health Care;45384.4179;4430;3545;12.8877;5.6723;2258;0.2145;3184;15335;56523;32533;8114;-1489;353;26.6824;4.0908;16.2745;-488;1.1829;46109;190884
Alexion Pharmaceuticals;Health Care;42980.6122;704;537;64.1571;5.2041;144;17.3213;389;290;13097;460;3571;-250;48;2.4911;1.6648;6.9851;-286;5.53;4838;2604
CIGNA Corp.;Health Care;37694.5955;4107;3522;9.492;3.1321;2094;1.0267;2423;0;57088;13422;5169;-517;252;18.3612;3.7076;21.1614;-510;5.5369;44975;37819
Anthem Inc.;Health Care;36391.5506;6182.6;5274.7;5.1373;1.5792;2560;0.4017;3573.7;0;61717.8;10888.6;15864.5;-1234;653;10.8256;4.1493;12.5918;-638.2;3.2341;38673.7;79156.5
Stryker Corp.;Health Care;34901.0348;2258;1861;15.4207;4.1007;1439;3.4773;629;1639;16223;2725;3998;-674;108;16.8245;8.5905;15.0829;-270;14.4681;7712;9946
Becton Dickinson;Health Care;32692.619;2544;1430;22.4278;4.5635;976;3.8707;1866;1719;25586;3210;11551;86;388;13.1919;3.7248;6.9615;-693;7.8186;17953;12483
Illumina Inc;Health Care;28100.7468;739.26;612.841;37.6561;15.2015;461.559;12.5567;516.749;270.777;3687.747;526.07;1090.578;-75.826;42.121;27.8774;13.136;21.74;-142.847;20.7932;1806.648;2219.762
Mylan N.V.;Health Care;26588.7608;2493;1460.9;13.128;2.723;847.6;3.4644;1645.6;1951;22267.7;1227.1;7373.9;30.2;339.4;13.0197;4.4507;10.646;-362.9;8.989;12501.9;9429.3
Humana Inc.;Health Care;26459.4524;2794;2347;7.5216;2.5575;1276;0.3873;345;0;24678;7188;4394;-349;186;12.7651;5.2941;16.3304;-523;2.3504;14332;54289
Boston Scientific;Health Care;24805.3971;486;-283;62.0646;3.9249;-239;4.0377;444;1016;18133;2179;5677;114;284;-3.7411;-1.3596;-2.4789;-247;-3.1965;11813;7477
Zoetis;Health Care;23860.349;949;750;29.0805;22.3412;339;5.7864;440;1467;7913;1313;4868;-192;124;28.4994;4.6755;13.0582;-224;7.1144;6822;4765
AmerisourceBergen Corp;Health Care;21326.1932;1917.94;1525.774;33.3995;34.5988;1427.929;0.1309;2713.881;10723.92;33637.501;24670.159;4186.703;168.903;144.349;104.0086;4.6361;24.95;-464.616;0.9724;31508.097;146849.686
Perrigo;Health Care;21184.3794;554.5;367.1;48.3284;2.0959;-4.2;5.9241;417.6;898.7;19349.6;1487.8;6032.1;-487.1;161.7;-0.0424;-0.0235;2.2438;-170.8;-0.0945;9242.8;4442.9
Zimmer Biomet Holdings;Health Care;20905.7822;1179.7;467.3;26.092;2.1143;147;5.1135;415.7;2254.1;27160.6;482;11497.4;-44.1;286.6;1.7886;0.7985;2.8153;-434.1;2.4509;17271.2;5997.8
Baxter International Inc.;Health Care;20868.7369;1208;449;16.5842;2.3591;968;2.0122;860;1604;20962;1306;6507;193;146;11.4111;4.1104;2.6906;-911;9.7111;12097;9968
Cerner;Health Care;20584.442;1233.361;781.136;16.7643;5.3184;539.362;4.6432;585.394;15.788;5561.984;457.626;605.15;-237.623;11.82;14.5061;10.6883;18.009;-362.132;12.1882;1691.6;4425.267
Edwards Lifesciences;Health Care;17036.7486;701.5;635.7;23.3912;6.8063;494.9;6.5704;447;339.9;4056.3;472;596.9;-151.6;17.2;21.0842;13.0593;21.4131;-102.7;19.846;1553.2;2493.7
DaVita Inc.;Health Care;14708.81;1774.79;1136.766;12.9646;3.0198;269.732;2.2963;849.202;185.575;18514.875;1587.978;9130.345;-495.623;408.38;5.3725;1.493;7.5296;-707.998;2.7021;12566.637;9982.245
Agilent Technologies Inc;Health Care;13888.0653;775;522;17.4749;3.3329;401;3.0191;414;541;7479;713;1655;-222;66;8.4706;4.384;8.1614;-98;9.9307;3309;4038
Henry Schein;Health Care;13118.0269;893.099;733.972;16.1241;4.5481;479.058;1.3386;515.157;1509.957;6504.74;1425.974;809.714;-282.783;26.008;16.8154;7.5779;16.1153;-71.684;4.5068;3075.732;10629.719
Laboratory Corp. of America Holding;Health Care;12500.0038;1454.6;996.8;12.4864;2.5278;437.6;2.0953;726.6;191;14104.7;1130.5;6364.2;112;274.9;11.2702;4.0885;10.5367;-255.8;5.0414;9144.7;8680.1
Hologic;Health Care;10945.6003;1014;548.6;14.8601;5.2643;330.8;4.7571;750.9;274.7;7317;443.2;3345.4;-211.5;155.3;15.6707;4.4226;8.3527;-47.3;11.6779;5174.3;2832.7
Quest Diagnostics;Health Care;10197.8977;1703;1399;8.071;2.1772;709;1.831;558;84;9962;1014;3651;-171;154;15.7151;7.1548;16.2883;-263;9.4622;5249;7493
Mettler Toledo;Health Care;9277.5245;554.046;490.008;17.6308;15.9831;352.82;4.0401;344.362;214.383;1959.335;454.895;589.626;-452.481;27.451;54.2778;17.7813;38.5357;-82.506;14.7288;1378.878;2395.447
Dentsply Sirona;Health Care;8521.1532;498.1;375.2;18.8538;3.6446;251.2;3.5131;425.4;340.4;4402.9;452.9;1153.1;-65.6;55.9;10.7827;5.5517;10.502;-72;9.3931;2063.5;2674.3
Centene Corporation;Health Care;7844.7356;816;705;8.8011;3.6369;355;0.3188;508;0;7339;3274;1221;-53;43;18.2005;5.3939;22.7934;-150;1.5598;5015;22760
ResMed;Health Care;7497.8016;515.801;428.952;14.6823;4.7236;352.409;5.0771;489.399;224.456;3256.705;288.299;1172.77;-74.364;11.206;21.4744;12.9598;18.0637;-58.534;19.1661;1561.874;1838.713
The Cooper Companies;Health Care;6434.715;428.074;236.671;18.1602;2.4123;203.523;4.8375;147.947;419.692;4459.864;184.285;1349.211;-50.004;18.103;7.7719;4.5642;5.8508;-243.023;11.3253;1785.96;1797.06
PerkinElmer;Health Care;5996.3145;363.565;250.926;18.6203;2.8413;212.425;3.2188;258.88;259.486;4166.295;316.031;1012.885;-59.099;37.997;10.2311;5.1225;7.998;-28.218;10.0923;2055.854;2104.823
United Health Group Inc.;Health Care;112123.6792;12714;11021;10.3093;3.3143;5813;0.8342;8184;0;111254;26324;31965;-798;790;17.5397;5.8825;18.3105;-1556;3.7;77529;157107
Thermo Fisher Scientific;Health Care;56612.0069;4024;2336;17.0556;2.6516;1975;4.05;2519;1991.7;40834.3;2734.8;12472;-428;415;9.4276;4.72;6.7266;-423;11.6416;19484.1;16965
Universal Health Services. Inc.;Health Care;11823.1478;1658.013;1259.395;9.3607;2.7821;680.528;1.7076;688.941;116.037;9615.444;684.894;3456.269;-201.341;113.773;17.0369;7.3215;15.0609;-379.321;7.5251;5063.774;9043.451
Waters Corporation;Health Care;10990.3126;657.438;567.451;15.6051;5.3381;469.053;5.0107;460.281;263.415;4268.677;153.469;1668.336;-269.69;36.243;23.7284;11.5199;15.9189;-100.012;22.9665;2209.826;2042.332
Varian Medical Systems;Health Care;7756.4548;464.2;395.7;15.9878;4.5317;411.5;2.827;378.2;612.6;3578.7;550.1;495.9;-334.7;7.9;24.7294;11.8656;18.1992;-91.4;16.5215;1852.4;2490.7
Teleflex Inc;Health Care;5468.565;424.284;315.891;14.5922;2.7217;244.863;3.4217;239.362;330.275;3871.774;230.519;1059.2;4.994;61.323;12.4912;6.2829;9.2911;-61.448;13.5307;1860.681;1809.69
WellCare;Health Care;3449.4583;456.8;384.2;4.4881;1.9959;118.6;0.1476;575.6;0;5193.6;1941.2;1212.1;-4.8;54.2;7.1356;2.4482;13.8994;-137;0.8538;3465.3;13890.2
General Electric;Industrials;293989.715;14195;9348;27.5741;2.9917;-6126;3.3831;12582;22515;493071;15847;197602;-1099;1706;-5.4269;-1.0672;2.7258;-7309;-5.3196;389961;115158
Boeing Company;Industrials;96872.9349;9276;7443;10.225;15.2917;5176;0.9818;6913;33399;94408;24463;9964;-6195;275;69.0133;5.5261;38.9299;-2450;5.3853;88011;96114
3M Company;Industrials;92750.999;8381;6946;12.1301;7.922;4833;3.3263;4959;3518;32718;2670;10797;-4449;149;38.9491;15.1204;32.6863;-1461;15.9642;20971;30274
Honeywell Int'l Inc.;Industrials;79820.5089;7711;6828;10.9915;4.3658;4768;2.196;4446;4420;49316;11840;12068;-1617;310;26.5331;10.0626;23.2024;-1073;12.3584;30608;38581
Lockheed Martin Corp.;Industrials;66729.2182;5738;4712;14.099;21.5464;3605;1.9728;4162;4819;49304;3594;15261;-2897;443;110.9743;8.3497;57.516;-939;8.8933;46207;40536
General Dynamics;Industrials;43423.366;4776;4295;9.2206;4.0439;3036;1.3721;2038;3366;31997;1964;3399;-2965;98;26.9065;9.0177;31.4594;-569;9.5529;21259;31781
FedEx Corporation;Industrials;41063.9138;5708;3077;9.9529;2.7389;1820;1.0764;880;496;45959;7979;13762;-2539;336;12.649;4.4127;11.7683;-4828;3.6136;32175;50365
Delta Air Lines Inc.;Industrials;39866.3484;9637;7802;4.6444;3.6743;4526;1.09;4982;697;53134;7244;8329;-2200;481;46.0357;8.4488;41.4196;-2945;11.1193;42284;40704
Caterpillar Inc.;Industrials;39568.6108;6831;3785;6.3394;2.6719;2512;0.9213;3438;9700;78342;10525;38013;-1992;507;15.9214;3.0818;6.9444;-3261;5.3434;63457;47011
Raytheon Co.;Industrials;37495.7329;3556;3067;11.3;3.7022;2110;1.7118;1953;635;29281;2556;5330;-1052;233;21.4725;7.4039;20.3288;-406;9.0476;18596;23321
Northrop Grumman Corp.;Industrials;34435.742;3543;3076;10.8983;6.2361;1990;1.6326;1691;807;24424;2847;6496;-3182;301;31.1986;7.8045;27.6159;-471;8.4587;18902;23526
Illinois Tool Works;Industrials;33688.4163;3344;2867;11.3709;6.4488;1899;2.838;2015;1086;15729;1842;7422;-1923;226;31.537;11.4418;21.4299;-284;14.1664;10501;13405
Emerson Electric Company;Industrials;31154.8459;3072;2504;7.6814;3.8553;1635;2.6548;2434;1208;21743;3770;6646;-601;215;20.8959;7.4605;17.3167;-447;11.2588;14125;14522
Southwest Airlines;Industrials;28004.2907;5131;4116;5.552;3.806;2181;1.4313;1197;311;21312;1250;3534;-1134;90;30.8639;10.63;31.7899;-2041;11.004;13954;19820
American Airlines Group;Industrials;26694.2875;7813;6204;5.1589;4.7372;7610;0.9774;98;863;48415;5102;20561;-3846;880;198.7983;16.6085;25.5888;-6151;18.5655;42780;40990
CSX Corp.;Industrials;25299.8166;4792;3584;7.1813;2.1713;1968;2.8888;808;350;34745;1493;10535;-804;544;17.2514;5.8055;11.6807;-2562;16.6624;23077;11811
Norfolk Southern Corp.;Industrials;25256.0163;3943;2884;8.6858;2.0722;1556;3.2521;523;271;34139;1417;10093;-1063;545;12.6118;4.6214;10.934;-2385;14.8035;21951;10511
Deere & Co.;Industrials;24154.7169;4842.5;3460.1;5.3993;3.582;1940;0.9248;914.2;3817;57947.6;7233.5;36849.4;-2580.1;680;24.5476;3.2527;8.1663;-2826.1;6.7215;51190;28862.8
Eaton Corporation;Industrials;24084.1114;3255;2330;9.8612;1.5859;1972;1.5291;1903;2323;30996;2124;8414;-630;237;12.7341;6.1124;9.4468;-506;9.4558;15765;20855
Roper Technologies;Industrials;19131.8172;1232.179;1027.918;17.5498;3.6105;696.067;6.0398;890.126;189.868;10168.365;446.293;3271.222;43.429;84.225;13.8461;7.4973;12.0484;-38.699;19.4302;4869.418;3582.395
Nielsen Holdings;Industrials;16965.1006;1667;1093;14.4812;3.827;570;3.8982;1075;0;15303;782;7338;-595;311;12.0139;3.722;8.4058;-134;9.2353;10676;6172
PACCAR Inc.;Industrials;16753.8025;3234.7;2327.6;4.1351;2.414;1604;0.6944;830.8;796.5;21109.8;2428.3;8591.5;-179.8;101.3;23.427;7.6878;14.5283;-1725.2;8.3913;14169.4;19115.1
Stanley Black & Decker;Industrials;15980.29;1730;1316;11.192;2.7497;883.7;1.7734;870.9;1526.4;15127.8;2740;3799.7;-486.3;180.4;14.4387;5.7055;13.0609;-311.4;7.9101;9268.6;11171.8
Cummins Inc.;Industrials;15632.4486;2571;2057;6.1472;2.1108;1399;0.8117;1321;2707;15134;3337;1639;-900;65;18.4626;9.0556;21.4629;-744;7.3208;7384;19110
Republic Services Inc;Industrials;15275.0147;2608.8;1558.8;8.7312;1.9649;749.9;2.4911;734.1;0;20535.9;1477.6;7532.9;-338.8;364.9;9.664;3.6914;9.6551;-945.6;8.2271;12759.3;9115
Ingersoll-Rand PLC;Industrials;14433.3981;1855.8;1491.7;9.6869;2.4814;664.6;1.3524;638.8;1410.7;16717.6;3131.6;4217.8;-188.8;223;11.2605;3.9076;14.2052;-249.6;4.9967;10838.4;13300.7
Rockwell Automation Inc.;Industrials;13546.0935;1180.3;1008.1;9.4893;6.0023;729.7;2.5948;830.4;526.6;7101.2;734.2;1964.9;-468.1;71.3;34.3309;10.8056;25.7211;-116.9;12.4109;5111.1;5879.5
Johnson Controls International;Industrials;13481.6853;2129;1176;10.0099;1.3045;-868;2.7321;659;2888;63179;5333;12759;-431;293;-5.0387;-1.8707;4.4168;-1249;-4.1657;37855;20837
Equifax Inc.;Industrials;13194.6294;893.9;693.9;16.0292;5.7097;429.1;5.3888;595.9;0;4501.5;292.5;1187.7;-131.9;63.8;19.0246;9.3664;17.943;-146.2;16.1098;2151.1;2663.6
Parker-Hannifin;Industrials;13187.3429;1484.852;1178.009;7.7757;2.5836;806.84;1.355;1061.371;1173.329;12034.142;1995.733;3014.244;-587.239;136.517;16.671;6.637;15.6671;-149.407;7.102;7455.464;11360.753
AMETEK Inc.;Industrials;12748.1277;1057.176;907.716;13.5315;3.9169;590.859;3.5675;603.457;514.451;6660.45;639.097;1938.04;-375.73;91.795;18.1966;9.0336;15.9587;-69.083;14.867;3405.824;3974.295
Grainger (W.W.) Inc.;Industrials;12720.3272;1528.287;1300.32;9.4911;5.612;768.996;1.4389;662.241;1414.177;5857.755;1187.116;1988.832;-1311.633;33.571;27.8074;13.805;31.2137;-373.868;7.7105;3505.041;9973.384
Fastenal Co;Industrials;11825.3564;915.355;828.755;13.1767;6.5649;516.361;3.1161;395.1;913.263;2532.462;311.116;365;-273.8;3.108;27.7874;21.1123;38.7293;-155.2;13.3455;731.173;3869.187
Alaska Air Group Inc;Industrials;10154.6149;1618;1298;5.8774;4.2118;848;1.685;753;51;6530;1017;683;-505;42;37.3733;13.4667;43.08;-831;15.1483;4119;5598
Snap-on;Industrials;9950.8443;847.3;764.8;12.6946;4.1244;478.7;2.9955;426.8;497.8;4331.1;581.5;880.1;-50.5;51.9;20.7207;11.0795;23.5027;-80.4;13.3228;1900.4;3593.1
Cintas Corporation;Industrials;9829.7135;934.22;768.941;12.7534;5.0866;693.52;2.2862;190.46;249.362;4098.815;555.597;1294.422;-751.925;64.522;36.3639;16.7289;24.0132;-275.385;14.4611;2256.156;4795.772
Dover Corp.;Industrials;9500.9451;1247.851;920.762;9.5312;2.6069;869.829;1.7101;680.862;802.895;8606.076;1215.608;2754.777;-596.14;131.676;23.684;9.864;13.3445;-154.251;12.5042;4961.501;6956.311
L-3 Communications Holdings;Industrials;9368.118;988;785;13.0173;2.1511;-240;1.39;930;333;12069;1249;3626;-658;162;-4.9793;-1.8616;8.7935;-195;-2.5999;7640;9231
Pentair Ltd.;Industrials;8927.9601;765.4;616.1;17.6215;2.2271;-76.4;2.9243;648;564.7;11833.5;626;4685.8;-174.6;106.6;-1.7619;-0.6795;6.9958;-91.3;-1.655;7824.7;4616.4
Fortune Brands Home & Security;Industrials;8863.1195;611.2;496.1;16.0292;3.6163;315;2.1419;300.7;555.6;4875.7;754;1169.5;-10.2;31.9;13.3747;7.056;14.2687;-128.5;6.8786;2421.9;4579.4
Expeditors International;Industrials;8407.2419;767.496;721.484;9.9051;4.9688;457.223;1.1193;522.179;0;2565.577;861.373;0;-499.027;0;25.6838;16.7589;39.825;-44.383;6.9102;870.901;6616.632
J. B. Hunt Transport Services;Industrials;8407.2025;1055.307;715.694;8.907;6.4653;427.235;1.5113;148.186;23.191;3629.544;532.417;998.003;-271.27;25.577;34.1123;12.1927;24.5056;-725.122;6.9046;2329.192;6187.646
Kansas City Southern;Industrials;8149.2189;1088.4;803.8;9.8587;2.0852;483.5;4.4153;77.1;137.9;8341;355.5;2401.1;-190.1;81.9;12.6228;5.9262;10.5194;-832.2;19.9893;4116.3;2418.8
A.O. Smith Corp;Industrials;6743.232;462.1;399.1;13.7352;4.6753;282.9;2.7238;279;222.9;2629.2;595;249;-121.7;7.4;20.0382;10.9982;24.0017;-72.7;11.1532;1186.9;2536.5
Fluor Corp.;Industrials;6686.9417;944.371;754.633;5.7414;2.231;412.512;0.2926;608.912;0;7625.406;2166.739;986.564;-507.878;44.77;13.5068;5.2151;17.6912;-240.22;2.2773;4511.907;18114.048
Xylem Inc.;Industrials;6546.865;582;449;12.2695;3.1415;340;1.9451;347;433;4657;338;1274;-156;55;16.1482;7.1654;13.1363;-117;9.3074;2573;3653
Huntington Ingalls Industries;Industrials;5958.9049;949;769;6.6785;3.9993;404;0.9015;640;285;6024;759;1273;-199;137;28.3012;6.5889;28.1273;-188;5.755;4534;7020
Rollins Inc.;Industrials;5661.4896;285.157;243.018;19.382;10.8038;152.149;3.7204;156.861;12.801;848.651;123.4;0;-5.461;0;30.8398;18.3665;46.6992;-39.495;10.2436;324.622;1485.305
Flowserve Corporation;Industrials;5506.9728;631.891;504.804;10.7278;3.3434;258.411;1.4709;258.898;978.641;4963.106;1286.746;1620.996;-303.651;65.27;14.4417;5.2041;15.2006;-181.861;5.6697;3298.724;4557.791
IHS Markit Ltd.;Industrials;5418.9355;418.4;247.7;14.6585;2.6099;152.5;5.4319;389.1;0;3568.3;202.5;824;-411.5;19;7.0761;4.4407;8.5578;-16.6;13.6968;1455.8;1113.4
Jacobs Engineering Group;Industrials;5162.8108;594.819;445.527;9.0186;1.203;302.971;0.3968;396.168;0;7785.926;1657.851;597.798;-387.857;19.503;6.9164;3.7313;8.5955;-88.404;2.5008;3429.468;12114.832
Copart Inc;Industrials;4570.1898;456.113;406.47;12.0996;4.7386;270.36;4.7611;158.581;10.388;1649.82;198.004;640.492;-441.285;23.606;31.0952;15.68;27.0824;-173.917;21.3142;875.364;1268.449
Quanta Services Inc.;Industrials;3235.1014;435.196;237.503;8.2516;1.0485;310.907;0.4559;441.023;75.285;5213.543;782.134;482.431;-1605.989;8.024;8.1818;5.4226;5.5342;-209.968;4.1058;2125.728;7572.436
United Parcel Service;Industrials;85684.6084;9752;7668;9.7737;34.6901;4844;1.6258;5051;0;38311;5365;14334;-2453;341;210.1063;13.1361;53.3983;-2379;8.2998;35820;58363
United Technologies;Industrials;85216.1012;9154;7291;10.9432;3.1149;7608;1.7023;4731;8135;87484;21513;20425;-8859;945;25.9787;8.5153;13.8113;-1652;13.562;58518;56098
Union Pacific;Industrials;66792.2313;10064;8052;7.9096;3.2264;4772;3.6317;2694;736;54600;2612;14201;-3465;622;22.7829;8.922;16.429;-4650;21.8769;33898;21813
Waste Management Inc.;Industrials;23829.4542;3290;2045;9.9518;4.4583;753;2.529;1295;92;20367;1785;8929;-538;385;13.4332;3.6146;13.7826;-1233;5.8097;15000;12961
Verisk Analytics;Industrials;13025.6511;918.8;703.4;17.4461;9.4939;507.6;9.1039;497.7;0;5593.7;222.1;3145.7;739.2;121.4;64.1297;12.7875;21.1246;-166.1;28.8294;4221.7;1760.7
Textron Inc.;Industrials;11496.8939;1601;1140;8.3241;2.3161;697;0.9946;670;4144;14708;3530;3610;-187;169;15.0931;4.7556;13.5852;-420;5.1926;9744;13423
Apple Inc.;Information Technology;586859.3468;70529;60024;5.4011;4.9169;45687;2.0909;53497;2132;321686;58245;87032;-29227;1456;36.9033;14.9296;26.9742;-12734;21.1868;193437;215639
Alphabet Inc Class A;Information Technology;527960.7785;24423;19360;18.8394;4.3876;16348;6.1321;16622;491;147461;12853;5220;-1780;104;14.1183;11.8186;16.4007;-9950;21.8005;27130;74989
Microsoft Corp.;Information Technology;443169.418;33700;26078;15.8361;5.5339;20539;3.7273;24982;2251;202897;12742;53461;-15301;1243;25.1745;10.8854;19.9831;-8343;22.5322;119807;91154
Facebook. Inc.;Information Technology;295977.8668;8170;6225;33.9851;6.6936;3669;15.5867;7797;0;49407;1645;114;0;23;9.1366;8.2105;15.3123;-2523;20.4652;5189;17928
Intel Corp.;Information Technology;162569.55;22713;14002;6.7788;2.6229;11420;2.8304;11692;5167;101459;10556;22670;-2135;337;19.3811;11.8122;17.8022;-7326;20.6305;39477;55355
Oracle Corp.;Information Technology;153470.5744;15113;12604;8.4566;3.1537;8901;4.1649;12496;212;112180;2470;43855;-9015;1467;18.553;7.98;13.9125;-1189;24.0262;64390;37047
Cisco Systems;Information Technology;137840.928;14810;12660;7.7799;2.309;10739;2.364;12424;1217;121652;4524;28643;-2653;676;17.4216;9.1386;14.8685;-1146;21.8064;58067;49247
International Business Machines;Information Technology;133506.553;18862;15007;8.3458;9.361;13190;1.9184;13676;1551;110495;16623;31944;-4535;468;100.9568;11.5821;29.7098;-3579;16.1363;96071;81741
Mastercard Inc.;Information Technology;109312.7621;5444;5078;19.1846;18.1342;3808;10.7357;3924;0;16250;3944;3268;-3449;61;59.4164;24.1173;57.4532;-177;39.3917;10188;9667
QUALCOMM Inc.;Information Technology;75132.1533;7923;6495;7.8894;2.3911;5705;3.0575;6861;1556;52359;2792;11757;-3247;297;18.0541;11.061;15.7584;-539;24.2209;20591;23554
Accenture plc;Information Technology;68756.294;5539.497;4810.445;12.7778;11.2095;4111.892;2.0017;4170.834;0;20609.004;6483.196;27.23;-2013.632;16.258;60.0759;21.189;81.3111;-496.566;11.8166;12419.628;34797.661
Salesforce.com;Information Technology;52057.6;640.673;114.923;170.2818;13.0956;-47.426;6.6331;962.229;0;12762.92;1335.313;1286.095;455.482;72.485;-1.0565;-0.4049;1.9723;-709.852;-0.7113;7760.051;6667.216
Netflix Inc.;Information Technology;48884.6709;368.109;305.826;132.9642;21.9862;122.641;7.2289;-918.645;0;10202.871;393.88;2371.362;158.451;132.716;6.0101;1.4223;8.5453;-169.206;1.809;7979.445;6779.511
Adobe Systems Inc;Information Technology;46857.2107;1242.568;903.095;36.0353;6.6924;629.551;9.134;1284.566;0;11726.472;777.202;1907.231;-578.95;64.184;9.1388;5.593;10.1886;-184.936;13.1279;4724.892;4795.511
PayPal;Information Technology;44225.1803;2069;1461;18.5917;3.2143;1228;4.1684;1824;0;28881;1356;0;101;0;11.1601;4.8348;11.9592;-722;13.2785;15122;9248
Broadcom;Information Technology;40132.4601;2594;1632;16.2615;8.5135;1364;5.2851;1725;524;10515;867;3872;366;191;34.2843;12.9868;18.8366;-593;19.9883;5801;6824
Automatic Data Processing;Information Technology;39073.4261;2479.1;2190.5;16.313;8.1259;1492.5;3.484;1728.8;0;43670;2282.4;2007.7;-1080.4;56.2;32.131;3.8877;37.8645;-168.5;12.7916;39188.4;11667.8
Cognizant Technology Solutions;Information Technology;36496.2922;2472;2142;13.2809;3.9336;1624;2.6487;1914;0;13061;1973;1283;-329;18;19.0854;13.2355;21.9828;-273;13.0799;3783;12416
eBay Inc.;Information Technology;32993.97;2884;2197;11.6546;5.0173;1725;3.8587;3365;0;17755;2132;6749;-1928;144;13.0277;5.486;10.1438;-668;20.0768;11179;8592
Activision Blizzard;Information Technology;28304.1264;1813;1319;16.8534;3.5082;892;6.5788;1148;128;15246;909;4074;106;193;11.5156;5.969;11.0349;-111;19.1252;7178;4664
Hewlett Packard Enterprise;Information Technology;26486.3062;5470;1523;6.0002;0.7898;2461;0.6137;317;2198;79916;16063;15794;100;29;7.0003;3.3948;3.4485;-3344;4.723;45998;52107
Intuit Inc.;Information Technology;25476.4211;1480;1242;25.0562;10.9247;979;6.0799;938;0;4250;489;1000;-2067;35;56.055;21.2411;52.0536;-522;20.8564;3089;4694
Corning Inc.;Information Technology;21624.9566;2506;1322;9.5219;1.3116;1339;2.5127;1559;1385;28527;2187;4462;-3126;140;6.9394;4.5707;5.8617;-1250;14.6965;9664;9111
Applied Materials Inc.;Information Technology;21454.321;2064;1693;10.1896;2.8181;1377;1.9306;948;1833;15308;1833;4542;-1181;103;17.7895;9.6693;15.2084;-215;14.2561;7695;9659
Electronic Arts;Information Technology;21358.7141;1095;898;16.2155;6.964;1156;3.9161;1372;0;7050;799;1150;-911;28;35.7618;17.5191;21.9078;-93;26.2966;3652;4396
HP Inc.;Information Technology;21215.4849;7981;3920;2.8675;0.764;4554;0.9775;3423;4288;106882;17223;8871;-2883;167;16.7122;4.3353;8.6627;-3603;8.8491;78731;51463
Fiserv Inc;Information Technology;20902.1492;1728;1311;14.4214;7.858;712;4.6867;987;0;9340;1023;4293;-1413;170;23.9127;7.6362;16.9841;-359;13.5516;6680;5254
Paychex Inc.;Information Technology;19090.446;1261.7;1146.6;15.9919;10.6919;756.8;6.5005;911.5;0;6440.8;304.5;0;-82.3;1.1;40.9391;11.7258;61.9315;-106.7;25.6377;4529.1;2951.9
Nvidia Corporation;Information Technology;17732.48;944;747;14.8222;4.0137;614;2.448;1089;418;7370;298;1514;-457;47;13.8179;8.4277;13.137;-86;12.2555;2901;5010
Analog Devices. Inc.;Information Technology;17263.1962;1053.081;830.841;14.3429;3.403;696.878;4.8331;753.838;412.314;7058.777;403.076;869.935;-79.277;27.03;14.1774;10.0137;13.7795;-153.96;20.287;1985.818;3435.092
Fidelity National Information Services;Information Technology;17098.5319;1768;1099;15.8069;1.8344;632;4.6213;998;0;26200;1196;11444;-234;199;7.9609;3.1041;6.0814;-133;9.5816;16793;6596
Amphenol Corp;Information Technology;16100.4857;1276.3;1104.7;13.4714;4.9716;763.5;3.0851;858.4;851.8;7458.4;1008.1;2813.5;-168.3;68.3;24.8458;10.5716;18.4961;-172.1;13.7106;4180;5568.7
Red Hat Inc.;Information Technology;15137.9412;364.136;288.048;43.0095;11.75;199.365;5.15;694.77;0;4155.099;284.802;723.942;-259.047;23.121;15.2026;5.022;14.2081;-41.553;9.7146;2820.667;2052.23
Skyworks Solutions;Information Technology;14686.1384;1218.9;1023.1;11.1925;4.6487;798.3;4.5891;562.7;267.9;3719.4;372.6;0;-177.2;0;28.0519;23.8541;36.43;-430.1;24.4998;560.2;3258.4
Micron Technology;Information Technology;14658.9965;3148;168;3.0544;1.1869;-276;1.9478;-2649;2889;27540;3868;9910;48;437;-2.2594;-1.068;0.79;-5817;-2.226;14612;12399
Symantec Corp.;Information Technology;14186.0486;761;457;24.4048;2.3902;2488;2.0822;524;0;11767;1335;2207;-1803;75;51.774;19.904;5.6222;-272;69.1111;8091;3600
Lam Research;Information Technology;12579.5313;1365.284;1074.256;10.4187;2.4651;914.049;1.8496;1174.947;971.911;12264.315;1102.836;4533.414;-100.012;134.773;28.7595;8.0842;11.7598;-175.33;15.5295;6369.798;5885.893
Xilinx;Information Technology;12070.116;738.322;669.881;12.4555;4.6217;550.867;4.6624;712.251;178.55;4819.269;305.805;1579.056;-357.416;55.456;21.1811;11.3378;15.2047;-34.004;24.8824;2229.376;2213.881
Citrix Systems;Information Technology;11636.8195;742.964;350.085;16.2733;5.8967;319.361;3.6909;873.723;10.521;5481.438;427.537;1324.992;-637.546;44.153;15.4017;5.81;10.8831;-160.825;9.7497;3507.992;3275.594
Seagate Technology;Information Technology;10962.508;1260;445;4.3575;3.6324;248;0.8935;1093;868;8213;2246;4091;-1011;193;10.7569;2.7467;7.5558;-587;2.2222;6620;11160
KLA-Tencor Corp.;Information Technology;10814.8339;1027.377;960.445;15.6605;25.6617;704.422;4.0175;727.955;698.635;4962.432;153.876;3057.936;-131.477;122.887;126.8597;14.3929;27.174;-31.741;23.6027;4273.318;2984.493
Harris Corporation;Information Technology;10811.4985;1416;1055;16.2503;3.1827;324;2.3907;772;867;12009;1042;4517;44;183;9.9799;2.578;13.8506;-152;5.4072;8952;5992
Maxim Integrated Products Inc;Information Technology;10800.3647;558.486;313.849;18.9369;4.7163;227.475;4.0891;652.516;227.929;4234.616;319.58;1239.807;-113.953;32.7;10.3449;5.3836;9.7372;-69.369;10.3647;2126.802;2194.719
Xerox;Information Technology;10761.8441;1709;1119;10.0385;1.1796;448;1.4968;1527;901;25541;1748;7279;-1315;346;4.5946;1.6842;6.2886;-84;3.9075;16075;11465
Juniper Networks;Information Technology;10649.5217;1088.5;912;9.7739;2.3281;633.7;2.1795;682.2;75;8607.9;677.8;1937.4;-1019.3;83.3;13.3502;7.5042;14.2568;-210.3;13.045;4033.5;4857.8
Microchip Technology;Information Technology;9453.3132;635.516;352.345;13.2653;4.6234;324.132;4.5295;646.588;306.815;5537.883;198.577;2453.405;29.476;104.018;15.4511;6.2825;7.6076;-97.895;14.914;3386.964;2173.334
Akamai Technologies Inc;Information Technology;9364.9269;765.713;466.15;11.0469;3.0007;321.406;3.8319;348.469;0;4181.684;278.148;618.047;-240.815;18.525;10.5966;7.8552;12.5329;-444.983;14.6263;1060.806;2197.448
Global Payments Inc.;Information Technology;8378.817;612.825;424.944;17.1121;11.0542;271.666;5.3965;501.299;0;10664.35;802.74;4830.684;-139.71;108.6;16.0333;3.3042;7.2903;-91.591;9.3738;7885.008;2898.15
NetApp;Information Technology;7755.8902;627;348;3.8291;2.2717;229;0.6633;814;98;10037;623;2339;-885;49;7.2755;2.3562;7.3259;-160;4.1291;7156;5546
Qorvo;Information Technology;7194.2633;686.919;11.968;19.5892;1.1654;-28.845;2.6235;372.303;427.551;6596.819;373.153;988.13;-1248.134;23.316;-0.5163;-0.4277;0.1896;-315.624;-1.1049;1597.147;2610.726
Synopsys Inc.;Information Technology;6907.7652;478.287;266.466;12.8539;2.2041;225.934;3.1196;408.195;0;5045.739;405.107;205;-150.236;2.814;7.2998;4.6009;8.1666;-86.965;10.0764;1911.75;2242.211
Broadridge Financial Solutions;Information Technology;6371.6331;611.3;500.3;11.7944;6.8675;307.5;2.7618;380;0;2872.7;485.3;1015.5;-73.7;28.4;31.1661;11.7348;25.7674;-57.7;10.6144;1827.2;2897
Jack Henry & Associates Inc;Information Technology;6239.2679;491.307;361.659;14.0632;6.2925;248.867;5.018;310.097;0;1815.512;100.007;0.2;-169.254;1.43;25.0401;13.6278;31.7463;-56.325;18.3714;819.302;1354.646
Cadence Design Systems;Information Technology;6190.8918;403.595;285.43;14.4278;4.4988;252.417;3.5665;333.392;56.762;2345.515;238.022;343.288;-242.66;28.311;18.6307;9.0878;15.2467;-44.808;14.8298;969.4;1702.091
Fortinet;Information Technology;5369.4705;46.466;14.877;96.3741;7.1083;7.987;4.4103;245.189;83.868;1790.51;164.018;0;7.314;0;1.116;0.4968;2.0612;-37.358;0.7914;1035.133;1009.268
ANET;Information Technology;5274.1547;162.979;149.308;28.4129;6.6918;121.102;5.5635;180.544;92.129;1159.89;105.889;43.882;64.191;3.152;17.728;12.2889;21.4802;-19.989;14.4584;371.738;837.591
Keysight Technologies;Information Technology;4840.1958;530;431;10.2947;3.7175;513;2.1847;284;487;3508;427;1099;30;46;49.5413;15.645;21.8449;-92;17.9622;2206;2856
FLIR Systems;Information Technology;3936.7725;355.298;305.764;10.7584;2.3866;241.686;2.4026;225.191;393.092;2406.4;248.883;358.444;-100.694;14.086;14.8306;10.164;15.6255;-68.234;15.5219;756.885;1557.067
Visa Inc.;Information Technology;170669.9008;8385;7883;16.8729;5.7191;5991;13.4263;5051;0;64035;2869;15882;-6999;427;21.0074;11.5878;18.1406;-523;39.7228;31123;15082
Texas Instruments;Information Technology;55599.9244;5455;4322;10.3578;5.5902;2986;4.333;3846;1691;16230;1555;4120;-2345;90;28.9536;17.7728;29.8151;-551;22.9692;6284;13000
TE Connectivity Ltd.;Information Technology;24959.2247;2368;1808;10.7883;2.604;2009;2.3164;1344;1596;17608;2527;4070;-2697;127;22.2357;10.5192;15.9386;-603;17.6973;9123;11352
Western Digital;Information Technology;13914.5359;1620;466;4.1044;1.5093;242;1.6787;1399;2129;32862;3283;16994;14;266;2.3767;1.0077;2.335;-584;1.8624;21717;12994
Western Union Co;Information Technology;9049.5828;1379.6;1109.4;7.9368;6.4414;837.8;1.9873;927.4;0;9449.2;818.1;3215.9;-435.5;167.9;61.9377;8.6641;21.9733;-143.7;15.278;8044.3;5483.7
LyondellBasell;Materials;39056.6677;7169;6122;6.2939;5.9629;4476;1.3537;4402;4051;22757;3247;8028;-4656;310;60.1184;19.0557;35.8998;-1440;13.6734;16183;32735
Ecolab Inc.;Materials;33776.814;2420.8;1561.3;16.6143;4.8882;1002.1;2.9752;1228.8;1388.2;18641.7;1738.6;6465.5;-614.2;253.7;14.0885;5.2646;10.9551;-771;7.3982;11661.3;13545.1
Air Products & Chemicals Inc;Materials;28037.3967;2384.3;1529.7;16.1792;3.8678;631.1;4.8947;1753;255;18028.6;1696.6;5210.9;141.3;115.2;8.809;3.5693;11.5504;-907.7;8.4105;10815.2;7503.7
PPG Industries;Materials;26609.1819;2405;1959;12.2857;5.34;1406;2.0582;1465;1659;17076;3470;4307;-698;125;27.669;8.1246;21.1784;-430;9.8729;12007;14241
Sherwin-Williams;Materials;24168.8943;1814;1615.44;14.285;27.8472;1053.849;2.2657;1213.123;1018.53;5778.937;2099.243;1949.894;-855.61;61.791;113.0509;18.3625;56.3819;-234.34;9.2938;4911.027;11339.304
International Paper;Materials;15629.1731;2981;1687;8.0088;4.024;938;1.1503;1093;2228;30531;3493;9270;-603;644;20.8468;3.1681;11.4824;-1487;4.5369;26622;20675
Nucor Corp.;Materials;12880.4804;1110.085;410.068;14.0544;1.7225;80.724;0.945;1794.638;2245.469;14326.969;1315.005;4388.46;-64.081;177.543;1.0388;0.5392;3.1506;-374.123;0.491;6477.092;16439.276
Eastman Chemical;Materials;10032.4943;1955;1384;8.6074;2.5457;848;1.7382;972;1479;15580;1311;7008;-95;266;22.762;5.3583;11.4902;-652;8.7894;11559;9648
Ball Corp;Materials;9914.693;892;606;16.5378;7.9254;281;1.8989;479;898;9697;1699;5051;-100;143;24.6049;3.2546;11.3828;-528;3.5138;8436;7997
Celanese Corp.;Materials;9878.0782;689;326;17.8709;4.1539;304;2.1709;342;682;8586;677;2981;-417;119;11.7013;3.4979;5.6401;-520;5.3578;5757;5674
The Mosaic Company;Materials;9725.8907;2018.6;1278.8;6.103;1.0204;1000.4;1.3849;1038;1563.5;17389.5;1979.8;3836.7;-709.5;133.6;9.8879;5.6088;8.9077;-1000.3;11.2464;7824.5;8895.3
Intl Flavors & Fragrances;Materials;9601.1356;677.944;588.347;15.4755;6.0372;419.247;3.4613;366.285;572.047;3702.01;330.325;1067.722;-121.307;46.062;26.971;11.6512;22.8702;-101.03;13.8677;2107.021;3023.189
Newmont Mining Corporation;Materials;9518.8237;1559;457;10.2257;0.8387;220;2.6214;834;1343;25130;631;5863;675;297;2.0348;0.8792;2.4248;-1311;3.6154;10838;6085
CF Industries Holdings Inc;Materials;9511.8043;1708;1228;8.836;2.3573;700;3.5033;-1262;321;12683;923;5537;-548;133;16.9806;5.8486;12.8519;-2469;16.2488;8296;4308
Martin Marietta Materials;Materials;9033.4772;757.754;494.167;13.8065;2.2265;288.792;2.8916;262.368;469.141;6957.611;258.438;1593.933;-482.732;76.287;6.8393;4.074;7.7829;-318.232;8.159;2897.434;3539.57
Sealed Air;Materials;8805.1041;976.7;763.4;13.3255;16.7048;335.4;1.842;798.1;660.8;7405;811.1;4561.6;-755.8;227.7;39.6947;4.3677;14.3445;-184;4.77;6877.9;7031.5
Freeport-McMoRan Inc.;Materials;7825.2415;-10015;-13512;8.7712;0.9996;-12236;2.2977;-3133;4183;46577;3435;20324;1932;617;-93.7086;-23.2244;-33.9063;-6353;-83.7681;33769;14607
Albemarle Corp;Materials;6284.4987;605.187;345.111;16.8131;1.9311;334.906;3.6003;133.161;439.513;9597.954;471.55;3957.4;0.517;81.65;14.5174;4.5193;5.6893;-227.649;11.8491;6196.641;2826.429
Packaging Corporation of America;Materials;6161.5232;1106.5;750;7.4984;3.7724;436.8;1.4272;441.8;676.8;5272.3;554.2;2319.7;-154.7;85.5;27.3623;8.2254;18.6412;-326.8;7.6075;3639;5741.7
Avery Dennison Corp;Materials;5708.4679;657.7;469.4;10.048;5.9112;274.3;1.0956;337.9;478.7;4133.7;1134.5;1058.9;-128.3;60.5;27.2474;6.4613;23.8607;-135.8;4.597;3168;5966.9
FMC Corporation;Materials;5228.668;-69.7;-146.5;13.5581;2.8025;489;2.9478;-411.5;800.2;6325.9;1069.3;2148.9;3.6;62.2;28.7969;8.3935;-4.1173;-53.4;19.6307;4417.6;2491
Vulcan Materials;Materials;12661.304;824.601;549.778;17.4117;2.8426;221.177;4.1914;230.276;347.073;8301.632;276.921;1980.464;69.872;220.588;5.1252;2.7067;8.478;-289.262;6.463;3847.444;3422.181
WestRock;Materials;11723.0814;1572.2;430.3;10.8476;1.0061;-396.3;1.2512;891.7;1638.2;23038.2;1460.3;5789.2;-323.5;212.5;-3.7071;-1.6372;2.1862;-796.7;-2.7964;13194.5;14171.8
Equinix;Real Estate;18739.3858;1092.922;567.342;20.623;6.8258;187.774;8.2832;-11.579;0;10356.695;517.729;6521.02;859.536;299.055;7.4877;2.0704;6.9609;-906.402;6.8886;7611.309;2725.867
CBRE Group;Real Estate;11555.4777;1150.04;835.944;13.4707;4.2598;547.132;1.4273;512.433;0;11017.943;3138.277;4430.336;580.719;118.88;22.0064;5.8876;13.8004;-139.464;5.04;8258.873;10855.81
Iron Mountain Incorporated;Real Estate;5703.2425;879.24;524.527;11.8742;11.2083;123.241;3.4726;251.511;0;6350.587;570.651;4845.678;7.476;267.855;18.0547;1.9146;9.539;-290.249;4.0971;5821.98;3007.976
Weyerhaeuser;Real Estate;15304.1249;1137;658;17.2816;3.6438;506;3.7456;592;325;12720;631;5302;-484;341;10.4584;3.8946;6.3766;-483;9.6454;7851;5246
AT&T Inc.;Telecommunication Services;211690.32;46801;24785;7.13;1.7257;13345;2.2714;15865;0;402672;35498;126151;-126;4120;12.5789;3.8155;9.5356;-20015;9.0905;279032;146801
Twenty-First Century Fox Class B;Telecommunication Services;53541.3481;6274;5669;9.7797;3.1093;2755;2.4694;2785;3291;48193;3181;19553;-4892;1184;17.8427;5.6092;14.4439;-263;10.082;32760;27326
Twenty-First Century Fox Class A;Telecommunication Services;53541.3481;6274;5669;9.7797;3.1093;2755;2.4694;2785;3291;48193;3181;19553;-4892;1184;17.8427;5.6092;14.4439;-263;10.082;32760;27326
CenturyLink Inc;Telecommunication Services;13812.946;6794;2605;4.9915;0.9824;878;1.8872;2280;0;47604;2138;20225;-808;1312;6.0379;1.8158;8.136;-2872;4.905;33544;17900
Verizon Communications;Telecommunication Services;188063.3122;49077;33060;5.9985;11.4477;17879;2.2381;21252;1252;244175;19362;109729;-5134;4920;124.4796;7.4997;19.3364;-17775;13.5838;226333;131620
The Walt Disney Company;Telecommunication Services;173715.9292;15525;13171;12.2989;3.9015;8382;3.4694;6644;1571;88182;7812;17363;-5766;265;18.7343;9.7282;19.9156;-4265;15.9764;39527;52465
Viacom Inc.;Telecommunication Services;16465.8552;2747;2526;8.5258;4.654;1438;2.1468;1199;844;22508;1226;11913;-89;616;36.801;6.4411;15.2744;-172;11.5151;17967;12488
Duke Energy;Utilities;49140.1893;8691;5078;10.5054;1.2369;2816;4.0802;-90;3746;121156;3051;42501;-1483;1527;6.9874;2.3286;5.3139;-6766;12.5877;81385;22371
NextEra Energy;Utilities;47845.0766;7835;4632;9.8914;2.1195;2752;4.4348;-2419;1259;82479;3899;29687;1298;1211;12.9536;3.4966;7.9905;-8508;15.7383;59367;17486
Southern Co.;Utilities;42529.2513;6677;4282;10.6956;2.0653;2421;4.0905;427;1929;78318;3434;28738;-271;840;11.6771;3.2595;7.1813;-5847;13.843;56175;17489
Dominion Energy;Utilities;40268.3659;5205;3536;13.3336;3.1798;1899;5.9442;-1518;1348;58648;1241;28802;786;904;15.6819;3.3618;7.4895;-5993;16.2544;45046;11683
American Electric Power;Utilities;28599.9307;5488.2;3333.5;8.823;1.5985;2047.1;2.9439;218.5;1339.4;61683.1;2624;20372.7;81.6;873.9;11.7948;3.3773;6.7046;-4600;12.442;43778.2;16453.2
Exelon Corp.;Utilities;25536.3032;8396;4409;5.5595;0.99;2269;1.5855;-260;1566;95384;5267;26319;1900;1033;9.3221;2.4961;7.0564;-7876;7.7054;68062;29447
Sempra Energy;Utilities;23334.2643;3256;2006;11.7682;1.976;1350;3.746;-212;298;41150;2001;14663;30;561;11.662;3.3382;7.0428;-3110;13.1952;28571;10231
PPL Corp.;Utilities;22964.2197;3773;2831;11.1562;2.3152;682;5.4931;-955;357;39301;1455;19964;203;871;5.7757;1.5516;8.1639;-3570;8.8929;29382;7669
Public Serv. Enterprise Inc.;Utilities;19575.6641;4389;2962;6.6336;1.4982;1679;2.7956;56;976;37535;1507;9932;0;393;13.2985;4.6112;9.9331;-3863;16.121;24468;10415
Edison Int'l;Utilities;19291.2822;4013;2008;8.2508;1.697;1133;2.8732;658;267;50310;1382;11954;122;555;9.1365;2.2548;6.4773;-3851;9.8317;36916;11524
Consolidated Edison;Utilities;18843.4666;3557;2427;9.0476;1.4437;1193;2.5625;-295;350;45642;1303;14274;1;653;9.3101;2.6596;6.8029;-3572;9.5029;32581;12554
Eversource Energy;Utilities;16198.9573;2452.359;1764.164;10.8165;1.5648;878.485;3.3346;-290.388;336.476;30580.309;813.646;10195.41;0;372.42;8.6427;2.9127;6.9527;-1724.139;11.0434;20072.526;7954.827
DTE Energy Co.;Utilities;14392.1509;2137;1239;11.2715;1.6407;727;2.3301;-117;803;28662;1029;9732;0;450;8.5034;2.5707;6.0771;-2033;7.033;19867;10337
FirstEnergy Corp;Utilities;13423.1156;4128;2292;8.5657;1.0807;578;2.3543;553;785;52187;1928;22066;0;1015;4.6536;1.1133;5.5131;-2894;3.8467;39765;15026
Entergy Corp.;Utilities;12194.5213;1818.071;-299.165;13.7573;1.3174;-156.734;2.1768;237.938;1091.167;44647.681;1538.953;13849.988;-62.3;643.469;-1.833;-0.3438;-0.9132;-3053.246;-1.3613;35072.705;11513.251
American Water Works Company Inc;Utilities;10723.2998;1515;1075;11.3619;2.1238;476;5.4265;-88;38;17241;707;6556;-87;308;9.5544;2.8607;7.9801;-1267;15.0681;12192;3159
Ameren Corp;Utilities;10489.1022;2133;1259;8.399;1.5101;630;2.9376;34;538;23640;909;7576;0;355;9.2247;2.7434;6.99;-1983;10.3313;16552;6098
CMS Energy;Utilities;10025.8974;1913;1163;10.0632;2.5459;523;2.9781;-39;778;20299;1123;9473;43;396;13.7487;2.6492;7.6533;-1679;8.101;16324;6456
CenterPoint Energy;Utilities;7899.6136;1903;933;8.221;2.2825;-692;2.1175;281;347;21334;758;8814;0;457;-17.2806;-3.1077;5.1079;-1584;-9.3691;17873;7386
Pinnacle West Capital;Utilities;7147.5922;1426.266;854.602;7.757;1.5593;437.257;3.1676;0.991;279.931;15028.258;561.748;3819.971;19.373;178.705;9.7696;2.9829;7.3736;-1093.336;12.5093;10308.801;3495.443
AES Corp;Utilities;6439.2911;3294;2150;8.5183;2.0449;306;2.4868;-174;671;36470;4093;20081;-482;1145;8.2469;0.8113;7.6056;-2308;2.7176;29761;11260
Atmos Energy Corp;Utilities;6433.3111;950.326;657.23;10.2628;2.0137;350.104;4.4653;-291.96;179.07;10010.889;196.485;3268.59;132.852;114.812;10.517;3.6687;10.2307;-1086.95;14.2629;6547.83;2454.648
NiSource Inc.;Utilities;6217.277;1324.3;799.9;9.9084;1.6176;286.5;2.8226;96.1;536.6;17492.5;1008.8;6949.6;2.1;380.2;5.7192;1.3527;4.9599;-1360.7;6.1589;13649;4651.8
NRG Energy;Utilities;3697.8554;-2348;-4040;8.2027;1.3878;-6382;1.6863;26;1252;32882;1679;19464;-436;1128;-103.4834;-17.402;-14.4993;-1283;-43.4919;27117;14674
Wec Energy Group Inc;Utilities;16197.769;1834;1250.5;14.4794;1.8715;640.3;4.481;27.4;687;29355.2;985.1;10376.8;-97.3;331.4;9.7671;2.8933;6.9526;-1266.2;10.8047;20670;5926.1
